1, Enter your check-in and check-out dates in the search box on the left to see the exact room prices for your stay and to be able to sort by price.
2, Enter your check-in and check-out dates in the search box on the left to see the exact room prices for your stay and to be able to sort by price.
3, Enter your check-in and check-out dates in the search box on the left to see the exact room prices for your stay and to be able to sort by price.
4, Enter your check-in and check-out dates in the search box on the left to see the exact room prices for your stay and to be able to sort by price.
5, Enter your check-in and check-out dates in the search box on the left to see the exact room prices for your stay and to be able to sort by price.
6, Enter your check-in and check-out dates in the search box on the left to see the exact room prices for your stay and to be able to sort by price.
7, Enter your check-in and check-out dates in the search box on the left to see the exact room prices for your stay and to be able to sort by price.
8, Enter your check-in and check-out dates in the search box on the left to see the exact room prices for your stay and to be able to sort by price.
9, Enter your check-in and check-out dates in the search box on the left to see the exact room prices for your stay and to be able to sort by price.
10, Enter your check-in and check-out dates in the search box on the left to see the exact room prices for your stay and to be able to sort by price.
11, Enter your check-in and check-out dates in the search box on the left to see the exact room prices for your stay and to be able to sort by price.
12, Enter your check-in and check-out dates in the search box on the left to see the exact room prices for your stay and to be able to sort by price.
13, Enter your check-in and check-out dates in the search box on the left to see the exact room prices for your stay and to be able to sort by price.
14, Enter your check-in and check-out dates in the search box on the left to see the exact room prices for your stay and to be able to sort by price.
15, Enter your check-in and check-out dates in the search box on the left to see the exact room prices for your stay and to be able to sort by price.
16, Enter your check-in and check-out dates in the search box on the left to see the exact room prices for your stay and to be able to sort by price.
17, Enter your check-in and check-out dates in the search box on the left to see the exact room prices for your stay and to be able to sort by price.
18, Enter your check-in and check-out dates in the search box on the left to see the exact room prices for your stay and to be able to sort by price.
19, Enter your check-in and check-out dates in the search box on the left to see the exact room prices for your stay and to be able to sort by price.
20, Enter your check-in and check-out dates in the search box on the left to see the exact room prices for your stay and to be able to sort by price.
21, Enter your check-in and check-out dates in the search box on the left to see the exact room prices for your stay and to be able to sort by price.
22, Enter your check-in and check-out dates in the search box on the left to see the exact room prices for your stay and to be able to sort by price.
23, Enter your check-in and check-out dates in the search box on the left to see the exact room prices for your stay and to be able to sort by price.
24, Enter your check-in and check-out dates in the search box on the left to see the exact room prices for your stay and to be able to sort by price.
25, Enter your check-in and check-out dates in the search box on the left to see the exact room prices for your stay and to be able to sort by price.
26, Enter your check-in and check-out dates in the search box on the left to see the exact room prices for your stay and to be able to sort by price.
27, Enter your check-in and check-out dates in the search box on the left to see the exact room prices for your stay and to be able to sort by price.
28, Enter your check-in and check-out dates in the search box on the left to see the exact room prices for your stay and to be able to sort by price.
29, Enter your check-in and check-out dates in the search box on the left to see the exact room prices for your stay and to be able to sort by price.
30, Enter your check-in and check-out dates in the search box on the left to see the exact room prices for your stay and to be able to sort by price.
31, Enter your check-in and check-out dates in the search box on the left to see the exact room prices for your stay and to be able to sort by price.
32, Enter your check-in and check-out dates in the search box on the left to see the exact room prices for your stay and to be able to sort by price.
33, Enter your check-in and check-out dates in the search box on the left to see the exact room prices for your stay and to be able to sort by price.
34, Enter your check-in and check-out dates in the search box on the left to see the exact room prices for your stay and to be able to sort by price.
35, Enter your check-in and check-out dates in the search box on the left to see the exact room prices for your stay and to be able to sort by price.
36, Enter your check-in and check-out dates in the search box on the left to see the exact room prices for your stay and to be able to sort by price.
37, Enter your check-in and check-out dates in the search box on the left to see the exact room prices for your stay and to be able to sort by price.
38, Enter your check-in and check-out dates in the search box on the left to see the exact room prices for your stay and to be able to sort by price.
39, Enter your check-in and check-out dates in the search box on the left to see the exact room prices for your stay and to be able to sort by price.
40, Enter your check-in and check-out dates in the search box on the left to see the exact room prices for your stay and to be able to sort by price.
41, Enter your check-in and check-out dates in the search box on the left to see the exact room prices for your stay and to be able to sort by price.
42, Enter your check-in and check-out dates in the search box on the left to see the exact room prices for your stay and to be able to sort by price.
43, Enter your check-in and check-out dates in the search box on the left to see the exact room prices for your stay and to be able to sort by price.
44, Enter your check-in and check-out dates in the search box on the left to see the exact room prices for your stay and to be able to sort by price.
45, Enter your check-in and check-out dates in the search box on the left to see the exact room prices for your stay and to be able to sort by price.
46, Enter your check-in and check-out dates in the search box on the left to see the exact room prices for your stay and to be able to sort by price.
47, Enter your check-in and check-out dates in the search box on the left to see the exact room prices for your stay and to be able to sort by price.
48, Enter your check-in and check-out dates in the search box on the left to see the exact room prices for your stay and to be able to sort by price.
49, Enter your check-in and check-out dates in the search box on the left to see the exact room prices for your stay and to be able to sort by price.
50, Enter your check-in and check-out dates in the search box on the left to see the exact room prices for your stay and to be able to sort by price.
51, Enter your check-in and check-out dates in the search box on the left to see the exact room prices for your stay and to be able to sort by price.
52, Enter your check-in and check-out dates in the search box on the left to see the exact room prices for your stay and to be able to sort by price.
53, Enter your check-in and check-out dates in the search box on the left to see the exact room prices for your stay and to be able to sort by price.
54, Enter your check-in and check-out dates in the search box on the left to see the exact room prices for your stay and to be able to sort by price.
55, Enter your check-in and check-out dates in the search box on the left to see the exact room prices for your stay and to be able to sort by price.
56, Enter your check-in and check-out dates in the search box on the left to see the exact room prices for your stay and to be able to sort by price.
57, Enter your check-in and check-out dates in the search box on the left to see the exact room prices for your stay and to be able to sort by price.
58, Enter your check-in and check-out dates in the search box on the left to see the exact room prices for your stay and to be able to sort by price.
59, Enter your check-in and check-out dates in the search box on the left to see the exact room prices for your stay and to be able to sort by price.
60, Enter your check-in and check-out dates in the search box on the left to see the exact room prices for your stay and to be able to sort by price.
61, Enter your check-in and check-out dates in the search box on the left to see the exact room prices for your stay and to be able to sort by price.
62, Enter your check-in and check-out dates in the search box on the left to see the exact room prices for your stay and to be able to sort by price.
63, Enter your check-in and check-out dates in the search box on the left to see the exact room prices for your stay and to be able to sort by price.
64, Enter your check-in and check-out dates in the search box on the left to see the exact room prices for your stay and to be able to sort by price.
65, Enter your check-in and check-out dates in the search box on the left to see the exact room prices for your stay and to be able to sort by price.
66, Enter your check-in and check-out dates in the search box on the left to see the exact room prices for your stay and to be able to sort by price.
67, Enter your check-in and check-out dates in the search box on the left to see the exact room prices for your stay and to be able to sort by price.
68, Enter your check-in and check-out dates in the search box on the left to see the exact room prices for your stay and to be able to sort by price.
69, Enter your check-in and check-out dates in the search box on the left to see the exact room prices for your stay and to be able to sort by price.
70, Enter your check-in and check-out dates in the search box on the left to see the exact room prices for your stay and to be able to sort by price.
71, Enter your check-in and check-out dates in the search box on the left to see the exact room prices for your stay and to be able to sort by price.
72, Enter your check-in and check-out dates in the search box on the left to see the exact room prices for your stay and to be able to sort by price.
73, Enter your check-in and check-out dates in the search box on the left to see the exact room prices for your stay and to be able to sort by price.
74, Enter your check-in and check-out dates in the search box on the left to see the exact room prices for your stay and to be able to sort by price.
75, Enter your check-in and check-out dates in the search box on the left to see the exact room prices for your stay and to be able to sort by price.
76, Enter your check-in and check-out dates in the search box on the left to see the exact room prices for your stay and to be able to sort by price.
77, Enter your check-in and check-out dates in the search box on the left to see the exact room prices for your stay and to be able to sort by price.
78, Enter your check-in and check-out dates in the search box on the left to see the exact room prices for your stay and to be able to sort by price.
79, Enter your check-in and check-out dates in the search box on the left to see the exact room prices for your stay and to be able to sort by price.
80, Enter your check-in and check-out dates in the search box on the left to see the exact room prices for your stay and to be able to sort by price.
81, Enter your check-in and check-out dates in the search box on the left to see the exact room prices for your stay and to be able to sort by price.
82, Enter your check-in and check-out dates in the search box on the left to see the exact room prices for your stay and to be able to sort by price.
83, Enter your check-in and check-out dates in the search box on the left to see the exact room prices for your stay and to be able to sort by price.
84, Enter your check-in and check-out dates in the search box on the left to see the exact room prices for your stay and to be able to sort by price.
85, Enter your check-in and check-out dates in the search box on the left to see the exact room prices for your stay and to be able to sort by price.
86, Enter your check-in and check-out dates in the search box on the left to see the exact room prices for your stay and to be able to sort by price.
87, Enter your check-in and check-out dates in the search box on the left to see the exact room prices for your stay and to be able to sort by price.
88, Enter your check-in and check-out dates in the search box on the left to see the exact room prices for your stay and to be able to sort by price.
89, Enter your check-in and check-out dates in the search box on the left to see the exact room prices for your stay and to be able to sort by price.
90, Enter your check-in and check-out dates in the search box on the left to see the exact room prices for your stay and to be able to sort by price.
91, Enter your check-in and check-out dates in the search box on the left to see the exact room prices for your stay and to be able to sort by price.
92, Enter your check-in and check-out dates in the search box on the left to see the exact room prices for your stay and to be able to sort by price.
93, Enter your check-in and check-out dates in the search box on the left to see the exact room prices for your stay and to be able to sort by price.
94, Enter your check-in and check-out dates in the search box on the left to see the exact room prices for your stay and to be able to sort by price.
95, Enter your check-in and check-out dates in the search box on the left to see the exact room prices for your stay and to be able to sort by price.
96, Enter your check-in and check-out dates in the search box on the left to see the exact room prices for your stay and to be able to sort by price.
97, Enter your check-in and check-out dates in the search box on the left to see the exact room prices for your stay and to be able to sort by price.
98, Enter your check-in and check-out dates in the search box on the left to see the exact room prices for your stay and to be able to sort by price.
99, Enter your check-in and check-out dates in the search box on the left to see the exact room prices for your stay and to be able to sort by price.
100, Enter your check-in and check-out dates in the search box on the left to see the exact room prices for your stay and to be able to sort by price.
101, Enter your check-in and check-out dates in the search box on the left to see the exact room prices for your stay and to be able to sort by price.
102, Enter your check-in and check-out dates in the search box on the left to see the exact room prices for your stay and to be able to sort by price.
103, Enter your check-in and check-out dates in the search box on the left to see the exact room prices for your stay and to be able to sort by price.
104, Enter your check-in and check-out dates in the search box on the left to see the exact room prices for your stay and to be able to sort by price.
105, Enter your check-in and check-out dates in the search box on the left to see the exact room prices for your stay and to be able to sort by price.
106, Enter your check-in and check-out dates in the search box on the left to see the exact room prices for your stay and to be able to sort by price.
107, Enter your check-in and check-out dates in the search box on the left to see the exact room prices for your stay and to be able to sort by price.
108, Enter your check-in and check-out dates in the search box on the left to see the exact room prices for your stay and to be able to sort by price.
109, Enter your check-in and check-out dates in the search box on the left to see the exact room prices for your stay and to be able to sort by price.
110, Enter your check-in and check-out dates in the search box on the left to see the exact room prices for your stay and to be able to sort by price.
111, Enter your check-in and check-out dates in the search box on the left to see the exact room prices for your stay and to be able to sort by price.
112, Enter your check-in and check-out dates in the search box on the left to see the exact room prices for your stay and to be able to sort by price.
113, Enter your check-in and check-out dates in the search box on the left to see the exact room prices for your stay and to be able to sort by price.
114, Enter your check-in and check-out dates in the search box on the left to see the exact room prices for your stay and to be able to sort by price.
115, Enter your check-in and check-out dates in the search box on the left to see the exact room prices for your stay and to be able to sort by price.
116, Enter your check-in and check-out dates in the search box on the left to see the exact room prices for your stay and to be able to sort by price.
117, Enter your check-in and check-out dates in the search box on the left to see the exact room prices for your stay and to be able to sort by price.
118, Enter your check-in and check-out dates in the search box on the left to see the exact room prices for your stay and to be able to sort by price.
119, Enter your check-in and check-out dates in the search box on the left to see the exact room prices for your stay and to be able to sort by price.
120, Enter your check-in and check-out dates in the search box on the left to see the exact room prices for your stay and to be able to sort by price.
121, Enter your check-in and check-out dates in the search box on the left to see the exact room prices for your stay and to be able to sort by price.
122, Enter your check-in and check-out dates in the search box on the left to see the exact room prices for your stay and to be able to sort by price.
123, Enter your check-in and check-out dates in the search box on the left to see the exact room prices for your stay and to be able to sort by price.
124, Enter your check-in and check-out dates in the search box on the left to see the exact room prices for your stay and to be able to sort by price.
125, Enter your check-in and check-out dates in the search box on the left to see the exact room prices for your stay and to be able to sort by price.
126, Enter your check-in and check-out dates in the search box on the left to see the exact room prices for your stay and to be able to sort by price.
127, Enter your check-in and check-out dates in the search box on the left to see the exact room prices for your stay and to be able to sort by price.
128, Enter your check-in and check-out dates in the search box on the left to see the exact room prices for your stay and to be able to sort by price.
129, Enter your check-in and check-out dates in the search box on the left to see the exact room prices for your stay and to be able to sort by price.
130, Enter your check-in and check-out dates in the search box on the left to see the exact room prices for your stay and to be able to sort by price.
131, Enter your check-in and check-out dates in the search box on the left to see the exact room prices for your stay and to be able to sort by price.
132, Enter your check-in and check-out dates in the search box on the left to see the exact room prices for your stay and to be able to sort by price.
133, Enter your check-in and check-out dates in the search box on the left to see the exact room prices for your stay and to be able to sort by price.
134, Enter your check-in and check-out dates in the search box on the left to see the exact room prices for your stay and to be able to sort by price.
135, Enter your check-in and check-out dates in the search box on the left to see the exact room prices for your stay and to be able to sort by price.
136, Enter your check-in and check-out dates in the search box on the left to see the exact room prices for your stay and to be able to sort by price.
137, Enter your check-in and check-out dates in the search box on the left to see the exact room prices for your stay and to be able to sort by price.
138, Enter your check-in and check-out dates in the search box on the left to see the exact room prices for your stay and to be able to sort by price.
139, Enter your check-in and check-out dates in the search box on the left to see the exact room prices for your stay and to be able to sort by price.
140, Enter your check-in and check-out dates in the search box on the left to see the exact room prices for your stay and to be able to sort by price.
141, Enter your check-in and check-out dates in the search box on the left to see the exact room prices for your stay and to be able to sort by price.
142, Enter your check-in and check-out dates in the search box on the left to see the exact room prices for your stay and to be able to sort by price.
143, Enter your check-in and check-out dates in the search box on the left to see the exact room prices for your stay and to be able to sort by price.
144, Enter your check-in and check-out dates in the search box on the left to see the exact room prices for your stay and to be able to sort by price.
145, Enter your check-in and check-out dates in the search box on the left to see the exact room prices for your stay and to be able to sort by price.
146, Enter your check-in and check-out dates in the search box on the left to see the exact room prices for your stay and to be able to sort by price.
147, Enter your check-in and check-out dates in the search box on the left to see the exact room prices for your stay and to be able to sort by price.
148, Enter your check-in and check-out dates in the search box on the left to see the exact room prices for your stay and to be able to sort by price.
149, Enter your check-in and check-out dates in the search box on the left to see the exact room prices for your stay and to be able to sort by price.
150, Enter your check-in and check-out dates in the search box on the left to see the exact room prices for your stay and to be able to sort by price.
151, Enter your check-in and check-out dates in the search box on the left to see the exact room prices for your stay and to be able to sort by price.
152, Enter your check-in and check-out dates in the search box on the left to see the exact room prices for your stay and to be able to sort by price.
153, Enter your check-in and check-out dates in the search box on the left to see the exact room prices for your stay and to be able to sort by price.
154, Enter your check-in and check-out dates in the search box on the left to see the exact room prices for your stay and to be able to sort by price.
155, Enter your check-in and check-out dates in the search box on the left to see the exact room prices for your stay and to be able to sort by price.
156, Enter your check-in and check-out dates in the search box on the left to see the exact room prices for your stay and to be able to sort by price.
157, Enter your check-in and check-out dates in the search box on the left to see the exact room prices for your stay and to be able to sort by price.
158, Enter your check-in and check-out dates in the search box on the left to see the exact room prices for your stay and to be able to sort by price.
159, Enter your check-in and check-out dates in the search box on the left to see the exact room prices for your stay and to be able to sort by price.
160, Enter your check-in and check-out dates in the search box on the left to see the exact room prices for your stay and to be able to sort by price.
161, Enter your check-in and check-out dates in the search box on the left to see the exact room prices for your stay and to be able to sort by price.
162, Enter your check-in and check-out dates in the search box on the left to see the exact room prices for your stay and to be able to sort by price.
163, Enter your check-in and check-out dates in the search box on the left to see the exact room prices for your stay and to be able to sort by price.
164, Enter your check-in and check-out dates in the search box on the left to see the exact room prices for your stay and to be able to sort by price.
165, Enter your check-in and check-out dates in the search box on the left to see the exact room prices for your stay and to be able to sort by price.
166, Enter your check-in and check-out dates in the search box on the left to see the exact room prices for your stay and to be able to sort by price.
167, Enter your check-in and check-out dates in the search box on the left to see the exact room prices for your stay and to be able to sort by price.
168, Enter your check-in and check-out dates in the search box on the left to see the exact room prices for your stay and to be able to sort by price.
169, Enter your check-in and check-out dates in the search box on the left to see the exact room prices for your stay and to be able to sort by price.
170, Enter your check-in and check-out dates in the search box on the left to see the exact room prices for your stay and to be able to sort by price.
171, Enter your check-in and check-out dates in the search box on the left to see the exact room prices for your stay and to be able to sort by price.
172, Enter your check-in and check-out dates in the search box on the left to see the exact room prices for your stay and to be able to sort by price.
173, Enter your check-in and check-out dates in the search box on the left to see the exact room prices for your stay and to be able to sort by price.
174, Enter your check-in and check-out dates in the search box on the left to see the exact room prices for your stay and to be able to sort by price.
175, Enter your check-in and check-out dates in the search box on the left to see the exact room prices for your stay and to be able to sort by price.
176, Enter your check-in and check-out dates in the search box on the left to see the exact room prices for your stay and to be able to sort by price.
177, Enter your check-in and check-out dates in the search box on the left to see the exact room prices for your stay and to be able to sort by price.
178, Enter your check-in and check-out dates in the search box on the left to see the exact room prices for your stay and to be able to sort by price.
179, Enter your check-in and check-out dates in the search box on the left to see the exact room prices for your stay and to be able to sort by price.
180, Enter your check-in and check-out dates in the search box on the left to see the exact room prices for your stay and to be able to sort by price.
181, Enter your check-in and check-out dates in the search box on the left to see the exact room prices for your stay and to be able to sort by price.
182, Enter your check-in and check-out dates in the search box on the left to see the exact room prices for your stay and to be able to sort by price.
183, Enter your check-in and check-out dates in the search box on the left to see the exact room prices for your stay and to be able to sort by price.
184, Enter your check-in and check-out dates in the search box on the left to see the exact room prices for your stay and to be able to sort by price.
185, Enter your check-in and check-out dates in the search box on the left to see the exact room prices for your stay and to be able to sort by price.
186, Enter your check-in and check-out dates in the search box on the left to see the exact room prices for your stay and to be able to sort by price.
187, Enter your check-in and check-out dates in the search box on the left to see the exact room prices for your stay and to be able to sort by price.
188, Enter your check-in and check-out dates in the search box on the left to see the exact room prices for your stay and to be able to sort by price.
189, Enter your check-in and check-out dates in the search box on the left to see the exact room prices for your stay and to be able to sort by price.
190, Enter your check-in and check-out dates in the search box on the left to see the exact room prices for your stay and to be able to sort by price.
191, Enter your check-in and check-out dates in the search box on the left to see the exact room prices for your stay and to be able to sort by price.
192, Enter your check-in and check-out dates in the search box on the left to see the exact room prices for your stay and to be able to sort by price.
193, Enter your check-in and check-out dates in the search box on the left to see the exact room prices for your stay and to be able to sort by price.
194, Enter your check-in and check-out dates in the search box on the left to see the exact room prices for your stay and to be able to sort by price.
195, Enter your check-in and check-out dates in the search box on the left to see the exact room prices for your stay and to be able to sort by price.
196, Enter your check-in and check-out dates in the search box on the left to see the exact room prices for your stay and to be able to sort by price.
197, Enter your check-in and check-out dates in the search box on the left to see the exact room prices for your stay and to be able to sort by price.
198, Enter your check-in and check-out dates in the search box on the left to see the exact room prices for your stay and to be able to sort by price.
199, Enter your check-in and check-out dates in the search box on the left to see the exact room prices for your stay and to be able to sort by price.
200, Enter your check-in and check-out dates in the search box on the left to see the exact room prices for your stay and to be able to sort by price.
201, Enter your check-in and check-out dates in the search box on the left to see the exact room prices for your stay and to be able to sort by price.
202, Enter your check-in and check-out dates in the search box on the left to see the exact room prices for your stay and to be able to sort by price.
203, Enter your check-in and check-out dates in the search box on the left to see the exact room prices for your stay and to be able to sort by price.
204, Enter your check-in and check-out dates in the search box on the left to see the exact room prices for your stay and to be able to sort by price.
205, Enter your check-in and check-out dates in the search box on the left to see the exact room prices for your stay and to be able to sort by price.
206, Enter your check-in and check-out dates in the search box on the left to see the exact room prices for your stay and to be able to sort by price.
207, Enter your check-in and check-out dates in the search box on the left to see the exact room prices for your stay and to be able to sort by price.
208, Enter your check-in and check-out dates in the search box on the left to see the exact room prices for your stay and to be able to sort by price.
209, Enter your check-in and check-out dates in the search box on the left to see the exact room prices for your stay and to be able to sort by price.
210, Enter your check-in and check-out dates in the search box on the left to see the exact room prices for your stay and to be able to sort by price.
211, Enter your check-in and check-out dates in the search box on the left to see the exact room prices for your stay and to be able to sort by price.
212, Enter your check-in and check-out dates in the search box on the left to see the exact room prices for your stay and to be able to sort by price.
213, Enter your check-in and check-out dates in the search box on the left to see the exact room prices for your stay and to be able to sort by price.
214, Enter your check-in and check-out dates in the search box on the left to see the exact room prices for your stay and to be able to sort by price.
215, Enter your check-in and check-out dates in the search box on the left to see the exact room prices for your stay and to be able to sort by price.
216, Enter your check-in and check-out dates in the search box on the left to see the exact room prices for your stay and to be able to sort by price.
217, Enter your check-in and check-out dates in the search box on the left to see the exact room prices for your stay and to be able to sort by price.
218, Enter your check-in and check-out dates in the search box on the left to see the exact room prices for your stay and to be able to sort by price.
219, Enter your check-in and check-out dates in the search box on the left to see the exact room prices for your stay and to be able to sort by price.
220, Enter your check-in and check-out dates in the search box on the left to see the exact room prices for your stay and to be able to sort by price.
221, Enter your check-in and check-out dates in the search box on the left to see the exact room prices for your stay and to be able to sort by price.
222, Enter your check-in and check-out dates in the search box on the left to see the exact room prices for your stay and to be able to sort by price.
223, Enter your check-in and check-out dates in the search box on the left to see the exact room prices for your stay and to be able to sort by price.
224, Enter your check-in and check-out dates in the search box on the left to see the exact room prices for your stay and to be able to sort by price.
225, Enter your check-in and check-out dates in the search box on the left to see the exact room prices for your stay and to be able to sort by price.
226, Enter your check-in and check-out dates in the search box on the left to see the exact room prices for your stay and to be able to sort by price.
227, Enter your check-in and check-out dates in the search box on the left to see the exact room prices for your stay and to be able to sort by price.
228, Enter your check-in and check-out dates in the search box on the left to see the exact room prices for your stay and to be able to sort by price.
229, Enter your check-in and check-out dates in the search box on the left to see the exact room prices for your stay and to be able to sort by price.
230, Enter your check-in and check-out dates in the search box on the left to see the exact room prices for your stay and to be able to sort by price.
231, Enter your check-in and check-out dates in the search box on the left to see the exact room prices for your stay and to be able to sort by price.
232, Enter your check-in and check-out dates in the search box on the left to see the exact room prices for your stay and to be able to sort by price.
233, Enter your check-in and check-out dates in the search box on the left to see the exact room prices for your stay and to be able to sort by price.
234, Enter your check-in and check-out dates in the search box on the left to see the exact room prices for your stay and to be able to sort by price.
235, Enter your check-in and check-out dates in the search box on the left to see the exact room prices for your stay and to be able to sort by price.
236, Enter your check-in and check-out dates in the search box on the left to see the exact room prices for your stay and to be able to sort by price.
237, Enter your check-in and check-out dates in the search box on the left to see the exact room prices for your stay and to be able to sort by price.
238, Enter your check-in and check-out dates in the search box on the left to see the exact room prices for your stay and to be able to sort by price.
239, Enter your check-in and check-out dates in the search box on the left to see the exact room prices for your stay and to be able to sort by price.
240, Enter your check-in and check-out dates in the search box on the left to see the exact room prices for your stay and to be able to sort by price.
241, Enter your check-in and check-out dates in the search box on the left to see the exact room prices for your stay and to be able to sort by price.
242, Enter your check-in and check-out dates in the search box on the left to see the exact room prices for your stay and to be able to sort by price.
243, Enter your check-in and check-out dates in the search box on the left to see the exact room prices for your stay and to be able to sort by price.
244, Enter your check-in and check-out dates in the search box on the left to see the exact room prices for your stay and to be able to sort by price.
245, Enter your check-in and check-out dates in the search box on the left to see the exact room prices for your stay and to be able to sort by price.
246, Enter your check-in and check-out dates in the search box on the left to see the exact room prices for your stay and to be able to sort by price.
247, Enter your check-in and check-out dates in the search box on the left to see the exact room prices for your stay and to be able to sort by price.
248, Enter your check-in and check-out dates in the search box on the left to see the exact room prices for your stay and to be able to sort by price.
249, Enter your check-in and check-out dates in the search box on the left to see the exact room prices for your stay and to be able to sort by price.
250, Enter your check-in and check-out dates in the search box on the left to see the exact room prices for your stay and to be able to sort by price.
251, Enter your check-in and check-out dates in the search box on the left to see the exact room prices for your stay and to be able to sort by price.
252, Enter your check-in and check-out dates in the search box on the left to see the exact room prices for your stay and to be able to sort by price.
253, Enter your check-in and check-out dates in the search box on the left to see the exact room prices for your stay and to be able to sort by price.
254, Enter your check-in and check-out dates in the search box on the left to see the exact room prices for your stay and to be able to sort by price.
255, Enter your check-in and check-out dates in the search box on the left to see the exact room prices for your stay and to be able to sort by price.
256, Enter your check-in and check-out dates in the search box on the left to see the exact room prices for your stay and to be able to sort by price.
257, Enter your check-in and check-out dates in the search box on the left to see the exact room prices for your stay and to be able to sort by price.
258, Enter your check-in and check-out dates in the search box on the left to see the exact room prices for your stay and to be able to sort by price.
259, Enter your check-in and check-out dates in the search box on the left to see the exact room prices for your stay and to be able to sort by price.
260, Enter your check-in and check-out dates in the search box on the left to see the exact room prices for your stay and to be able to sort by price.
261, Enter your check-in and check-out dates in the search box on the left to see the exact room prices for your stay and to be able to sort by price.
262, Enter your check-in and check-out dates in the search box on the left to see the exact room prices for your stay and to be able to sort by price.
263, Enter your check-in and check-out dates in the search box on the left to see the exact room prices for your stay and to be able to sort by price.
264, Enter your check-in and check-out dates in the search box on the left to see the exact room prices for your stay and to be able to sort by price.
265, Enter your check-in and check-out dates in the search box on the left to see the exact room prices for your stay and to be able to sort by price.
266, Enter your check-in and check-out dates in the search box on the left to see the exact room prices for your stay and to be able to sort by price.
267, Enter your check-in and check-out dates in the search box on the left to see the exact room prices for your stay and to be able to sort by price.
268, Enter your check-in and check-out dates in the search box on the left to see the exact room prices for your stay and to be able to sort by price.
269, Enter your check-in and check-out dates in the search box on the left to see the exact room prices for your stay and to be able to sort by price.
270, Enter your check-in and check-out dates in the search box on the left to see the exact room prices for your stay and to be able to sort by price.
271, Enter your check-in and check-out dates in the search box on the left to see the exact room prices for your stay and to be able to sort by price.
272, Enter your check-in and check-out dates in the search box on the left to see the exact room prices for your stay and to be able to sort by price.
273, Enter your check-in and check-out dates in the search box on the left to see the exact room prices for your stay and to be able to sort by price.
274, Enter your check-in and check-out dates in the search box on the left to see the exact room prices for your stay and to be able to sort by price.
275, Enter your check-in and check-out dates in the search box on the left to see the exact room prices for your stay and to be able to sort by price.
276, Enter your check-in and check-out dates in the search box on the left to see the exact room prices for your stay and to be able to sort by price.
277, Enter your check-in and check-out dates in the search box on the left to see the exact room prices for your stay and to be able to sort by price.
278, Enter your check-in and check-out dates in the search box on the left to see the exact room prices for your stay and to be able to sort by price.
279, Enter your check-in and check-out dates in the search box on the left to see the exact room prices for your stay and to be able to sort by price.
280, Enter your check-in and check-out dates in the search box on the left to see the exact room prices for your stay and to be able to sort by price.
281, Enter your check-in and check-out dates in the search box on the left to see the exact room prices for your stay and to be able to sort by price.
282, Enter your check-in and check-out dates in the search box on the left to see the exact room prices for your stay and to be able to sort by price.
283, Enter your check-in and check-out dates in the search box on the left to see the exact room prices for your stay and to be able to sort by price.
284, Enter your check-in and check-out dates in the search box on the left to see the exact room prices for your stay and to be able to sort by price.
285, Enter your check-in and check-out dates in the search box on the left to see the exact room prices for your stay and to be able to sort by price.
286, Enter your check-in and check-out dates in the search box on the left to see the exact room prices for your stay and to be able to sort by price.
287, Enter your check-in and check-out dates in the search box on the left to see the exact room prices for your stay and to be able to sort by price.
288, Enter your check-in and check-out dates in the search box on the left to see the exact room prices for your stay and to be able to sort by price.
289, Enter your check-in and check-out dates in the search box on the left to see the exact room prices for your stay and to be able to sort by price.
290, Enter your check-in and check-out dates in the search box on the left to see the exact room prices for your stay and to be able to sort by price.
291, Enter your check-in and check-out dates in the search box on the left to see the exact room prices for your stay and to be able to sort by price.
292, Enter your check-in and check-out dates in the search box on the left to see the exact room prices for your stay and to be able to sort by price.
293, Enter your check-in and check-out dates in the search box on the left to see the exact room prices for your stay and to be able to sort by price.
294, Enter your check-in and check-out dates in the search box on the left to see the exact room prices for your stay and to be able to sort by price.
295, Enter your check-in and check-out dates in the search box on the left to see the exact room prices for your stay and to be able to sort by price.
296, Enter your check-in and check-out dates in the search box on the left to see the exact room prices for your stay and to be able to sort by price.
297, Enter your check-in and check-out dates in the search box on the left to see the exact room prices for your stay and to be able to sort by price.
298, Enter your check-in and check-out dates in the search box on the left to see the exact room prices for your stay and to be able to sort by price.
299, Enter your check-in and check-out dates in the search box on the left to see the exact room prices for your stay and to be able to sort by price.
300, Enter your check-in and check-out dates in the search box on the left to see the exact room prices for your stay and to be able to sort by price.
301, Enter your check-in and check-out dates in the search box on the left to see the exact room prices for your stay and to be able to sort by price.
302, Enter your check-in and check-out dates in the search box on the left to see the exact room prices for your stay and to be able to sort by price.
303, Enter your check-in and check-out dates in the search box on the left to see the exact room prices for your stay and to be able to sort by price.
304, Enter your check-in and check-out dates in the search box on the left to see the exact room prices for your stay and to be able to sort by price.
305, Enter your check-in and check-out dates in the search box on the left to see the exact room prices for your stay and to be able to sort by price.
306, Enter your check-in and check-out dates in the search box on the left to see the exact room prices for your stay and to be able to sort by price.
307, Enter your check-in and check-out dates in the search box on the left to see the exact room prices for your stay and to be able to sort by price.
308, Enter your check-in and check-out dates in the search box on the left to see the exact room prices for your stay and to be able to sort by price.
309, Enter your check-in and check-out dates in the search box on the left to see the exact room prices for your stay and to be able to sort by price.
310, Enter your check-in and check-out dates in the search box on the left to see the exact room prices for your stay and to be able to sort by price.
311, Enter your check-in and check-out dates in the search box on the left to see the exact room prices for your stay and to be able to sort by price.
312, Enter your check-in and check-out dates in the search box on the left to see the exact room prices for your stay and to be able to sort by price.
313, Enter your check-in and check-out dates in the search box on the left to see the exact room prices for your stay and to be able to sort by price.
314, Enter your check-in and check-out dates in the search box on the left to see the exact room prices for your stay and to be able to sort by price.
315, Enter your check-in and check-out dates in the search box on the left to see the exact room prices for your stay and to be able to sort by price.
316, Enter your check-in and check-out dates in the search box on the left to see the exact room prices for your stay and to be able to sort by price.
317, Enter your check-in and check-out dates in the search box on the left to see the exact room prices for your stay and to be able to sort by price.
318, Enter your check-in and check-out dates in the search box on the left to see the exact room prices for your stay and to be able to sort by price.
319, Enter your check-in and check-out dates in the search box on the left to see the exact room prices for your stay and to be able to sort by price.
320, Enter your check-in and check-out dates in the search box on the left to see the exact room prices for your stay and to be able to sort by price.
321, Enter your check-in and check-out dates in the search box on the left to see the exact room prices for your stay and to be able to sort by price.
322, Enter your check-in and check-out dates in the search box on the left to see the exact room prices for your stay and to be able to sort by price.
323, Enter your check-in and check-out dates in the search box on the left to see the exact room prices for your stay and to be able to sort by price.
324, Enter your check-in and check-out dates in the search box on the left to see the exact room prices for your stay and to be able to sort by price.
325, Enter your check-in and check-out dates in the search box on the left to see the exact room prices for your stay and to be able to sort by price.
326, Enter your check-in and check-out dates in the search box on the left to see the exact room prices for your stay and to be able to sort by price.
327, Enter your check-in and check-out dates in the search box on the left to see the exact room prices for your stay and to be able to sort by price.
328, Enter your check-in and check-out dates in the search box on the left to see the exact room prices for your stay and to be able to sort by price.
329, Enter your check-in and check-out dates in the search box on the left to see the exact room prices for your stay and to be able to sort by price.
330, Enter your check-in and check-out dates in the search box on the left to see the exact room prices for your stay and to be able to sort by price.
331, Enter your check-in and check-out dates in the search box on the left to see the exact room prices for your stay and to be able to sort by price.
332, Enter your check-in and check-out dates in the search box on the left to see the exact room prices for your stay and to be able to sort by price.
333, Enter your check-in and check-out dates in the search box on the left to see the exact room prices for your stay and to be able to sort by price.
334, Enter your check-in and check-out dates in the search box on the left to see the exact room prices for your stay and to be able to sort by price.
335, Enter your check-in and check-out dates in the search box on the left to see the exact room prices for your stay and to be able to sort by price.
336, Enter your check-in and check-out dates in the search box on the left to see the exact room prices for your stay and to be able to sort by price.
337, Enter your check-in and check-out dates in the search box on the left to see the exact room prices for your stay and to be able to sort by price.
338, Enter your check-in and check-out dates in the search box on the left to see the exact room prices for your stay and to be able to sort by price.
339, Enter your check-in and check-out dates in the search box on the left to see the exact room prices for your stay and to be able to sort by price.
340, Enter your check-in and check-out dates in the search box on the left to see the exact room prices for your stay and to be able to sort by price.
341, Enter your check-in and check-out dates in the search box on the left to see the exact room prices for your stay and to be able to sort by price.
342, Enter your check-in and check-out dates in the search box on the left to see the exact room prices for your stay and to be able to sort by price.
343, Enter your check-in and check-out dates in the search box on the left to see the exact room prices for your stay and to be able to sort by price.
344, Enter your check-in and check-out dates in the search box on the left to see the exact room prices for your stay and to be able to sort by price.
345, Enter your check-in and check-out dates in the search box on the left to see the exact room prices for your stay and to be able to sort by price.
346, Enter your check-in and check-out dates in the search box on the left to see the exact room prices for your stay and to be able to sort by price.
347, Enter your check-in and check-out dates in the search box on the left to see the exact room prices for your stay and to be able to sort by price.
348, Enter your check-in and check-out dates in the search box on the left to see the exact room prices for your stay and to be able to sort by price.
349, Enter your check-in and check-out dates in the search box on the left to see the exact room prices for your stay and to be able to sort by price.
350, Enter your check-in and check-out dates in the search box on the left to see the exact room prices for your stay and to be able to sort by price.
351, Enter your check-in and check-out dates in the search box on the left to see the exact room prices for your stay and to be able to sort by price.
352, Enter your check-in and check-out dates in the search box on the left to see the exact room prices for your stay and to be able to sort by price.
353, Enter your check-in and check-out dates in the search box on the left to see the exact room prices for your stay and to be able to sort by price.
354, Enter your check-in and check-out dates in the search box on the left to see the exact room prices for your stay and to be able to sort by price.
355, Enter your check-in and check-out dates in the search box on the left to see the exact room prices for your stay and to be able to sort by price.
356, Enter your check-in and check-out dates in the search box on the left to see the exact room prices for your stay and to be able to sort by price.
357, Enter your check-in and check-out dates in the search box on the left to see the exact room prices for your stay and to be able to sort by price.
358, Enter your check-in and check-out dates in the search box on the left to see the exact room prices for your stay and to be able to sort by price.
359, Enter your check-in and check-out dates in the search box on the left to see the exact room prices for your stay and to be able to sort by price.
360, Enter your check-in and check-out dates in the search box on the left to see the exact room prices for your stay and to be able to sort by price.
361, Enter your check-in and check-out dates in the search box on the left to see the exact room prices for your stay and to be able to sort by price.
362, Enter your check-in and check-out dates in the search box on the left to see the exact room prices for your stay and to be able to sort by price.
363, Enter your check-in and check-out dates in the search box on the left to see the exact room prices for your stay and to be able to sort by price.
364, Enter your check-in and check-out dates in the search box on the left to see the exact room prices for your stay and to be able to sort by price.
365, Enter your check-in and check-out dates in the search box on the left to see the exact room prices for your stay and to be able to sort by price.
366, Enter your check-in and check-out dates in the search box on the left to see the exact room prices for your stay and to be able to sort by price.
367, Enter your check-in and check-out dates in the search box on the left to see the exact room prices for your stay and to be able to sort by price.
368, Enter your check-in and check-out dates in the search box on the left to see the exact room prices for your stay and to be able to sort by price.
369, Enter your check-in and check-out dates in the search box on the left to see the exact room prices for your stay and to be able to sort by price.
370, Enter your check-in and check-out dates in the search box on the left to see the exact room prices for your stay and to be able to sort by price.
371, Enter your check-in and check-out dates in the search box on the left to see the exact room prices for your stay and to be able to sort by price.
372, Enter your check-in and check-out dates in the search box on the left to see the exact room prices for your stay and to be able to sort by price.
373, Enter your check-in and check-out dates in the search box on the left to see the exact room prices for your stay and to be able to sort by price.
374, Enter your check-in and check-out dates in the search box on the left to see the exact room prices for your stay and to be able to sort by price.
375, Enter your check-in and check-out dates in the search box on the left to see the exact room prices for your stay and to be able to sort by price.
376, Enter your check-in and check-out dates in the search box on the left to see the exact room prices for your stay and to be able to sort by price.
377, Enter your check-in and check-out dates in the search box on the left to see the exact room prices for your stay and to be able to sort by price.
378, Enter your check-in and check-out dates in the search box on the left to see the exact room prices for your stay and to be able to sort by price.
379, Enter your check-in and check-out dates in the search box on the left to see the exact room prices for your stay and to be able to sort by price.
380, Enter your check-in and check-out dates in the search box on the left to see the exact room prices for your stay and to be able to sort by price.
381, Enter your check-in and check-out dates in the search box on the left to see the exact room prices for your stay and to be able to sort by price.
382, Enter your check-in and check-out dates in the search box on the left to see the exact room prices for your stay and to be able to sort by price.
383, Enter your check-in and check-out dates in the search box on the left to see the exact room prices for your stay and to be able to sort by price.
384, Enter your check-in and check-out dates in the search box on the left to see the exact room prices for your stay and to be able to sort by price.
385, Enter your check-in and check-out dates in the search box on the left to see the exact room prices for your stay and to be able to sort by price.
386, Enter your check-in and check-out dates in the search box on the left to see the exact room prices for your stay and to be able to sort by price.
387, Enter your check-in and check-out dates in the search box on the left to see the exact room prices for your stay and to be able to sort by price.
388, Enter your check-in and check-out dates in the search box on the left to see the exact room prices for your stay and to be able to sort by price.
389, Enter your check-in and check-out dates in the search box on the left to see the exact room prices for your stay and to be able to sort by price.
390, Enter your check-in and check-out dates in the search box on the left to see the exact room prices for your stay and to be able to sort by price.
391, Enter your check-in and check-out dates in the search box on the left to see the exact room prices for your stay and to be able to sort by price.
392, Enter your check-in and check-out dates in the search box on the left to see the exact room prices for your stay and to be able to sort by price.
393, Enter your check-in and check-out dates in the search box on the left to see the exact room prices for your stay and to be able to sort by price.
394, Enter your check-in and check-out dates in the search box on the left to see the exact room prices for your stay and to be able to sort by price.
395, Enter your check-in and check-out dates in the search box on the left to see the exact room prices for your stay and to be able to sort by price.
396, Enter your check-in and check-out dates in the search box on the left to see the exact room prices for your stay and to be able to sort by price.
397, Enter your check-in and check-out dates in the search box on the left to see the exact room prices for your stay and to be able to sort by price.
398, Enter your check-in and check-out dates in the search box on the left to see the exact room prices for your stay and to be able to sort by price.
399, Enter your check-in and check-out dates in the search box on the left to see the exact room prices for your stay and to be able to sort by price.
400, Enter your check-in and check-out dates in the search box on the left to see the exact room prices for your stay and to be able to sort by price.
401, Enter your check-in and check-out dates in the search box on the left to see the exact room prices for your stay and to be able to sort by price.
402, Enter your check-in and check-out dates in the search box on the left to see the exact room prices for your stay and to be able to sort by price.
403, Enter your check-in and check-out dates in the search box on the left to see the exact room prices for your stay and to be able to sort by price.
404, Enter your check-in and check-out dates in the search box on the left to see the exact room prices for your stay and to be able to sort by price.
405, Enter your check-in and check-out dates in the search box on the left to see the exact room prices for your stay and to be able to sort by price.
406, Enter your check-in and check-out dates in the search box on the left to see the exact room prices for your stay and to be able to sort by price.
407, Enter your check-in and check-out dates in the search box on the left to see the exact room prices for your stay and to be able to sort by price.
408, Enter your check-in and check-out dates in the search box on the left to see the exact room prices for your stay and to be able to sort by price.
409, Enter your check-in and check-out dates in the search box on the left to see the exact room prices for your stay and to be able to sort by price.
410, Enter your check-in and check-out dates in the search box on the left to see the exact room prices for your stay and to be able to sort by price.
411, Enter your check-in and check-out dates in the search box on the left to see the exact room prices for your stay and to be able to sort by price.
412, Enter your check-in and check-out dates in the search box on the left to see the exact room prices for your stay and to be able to sort by price.
413, Enter your check-in and check-out dates in the search box on the left to see the exact room prices for your stay and to be able to sort by price.
414, Enter your check-in and check-out dates in the search box on the left to see the exact room prices for your stay and to be able to sort by price.
